{"Comedy":{"roi_mean":7663.0662471357,"roi_median":2.303358275,"count":1110},"Drama":{"roi_mean":5908.0242145003,"roi_median":2.0591357258,"count":1441},"Horror":{"roi_mean":3077.4226777683,"roi_median":2.8863686581,"count":332},"Thriller":{"roi_mean":1074.8971871218,"roi_median":2.1704079333,"count":935},"Documentary":{"roi_mean":160.1067422342,"roi_median":3.3167223333,"count":38},"Mystery":{"roi_mean":67.7618369498,"roi_median":2.1302318571,"count":265},"Music":{"roi_mean":6.4353008542,"roi_median":3.1230455429,"count":111},"Animation":{"roi_mean":6.0876504916,"roi_median":2.7873214902,"count":188},"Science Fiction":{"roi_mean":5.9267099171,"roi_median":2.22681602,"count":431},"Fantasy":{"roi_mean":5.8177783819,"roi_median":2.2265149533,"count":342},"Family":{"roi_mean":5.1575197742,"roi_median":2.543293,"count":365},"Romance":{"roi_mean":5.0892320841,"roi_median":2.3816766875,"count":574},"Western":{"roi_mean":4.9017481556,"roi_median":1.8006872852,"count":57},"War":{"roi_mean":4.8998997728,"roi_median":2.0503139611,"count":120},"Adventure":{"roi_mean":4.4580062178,"roi_median":2.3887246957,"count":661},"Crime":{"roi_mean":4.2386854822,"roi_median":2.0016362857,"count":521},"History":{"roi_mean":4.0422937208,"roi_median":1.8876464,"count":145},"Action":{"roi_mean":3.57903959,"roi_median":2.1561083344,"count":918},"Foreign":{"roi_mean":0.4607467448,"roi_median":0.4946666667,"count":5}}