{"United States of America":{"roi_mean":3280.2317061921,"roi_median":2.3294047261,"movies":2908},"Jamaica":{"roi_mean":34.0325705826,"roi_median":34.0325705826,"movies":2},"Bahamas":{"roi_mean":10.7511276261,"roi_median":5.32829906,"movies":3},"Ireland":{"roi_mean":8.3227899678,"roi_median":1.4261216176,"movies":25},"Argentina":{"roi_mean":7.0671070459,"roi_median":3.1274905469,"movies":3},"Australia":{"roi_mean":6.4398921346,"roi_median":1.7954586875,"movies":78},"Israel":{"roi_mean":5.5629245,"roi_median":5.5629245,"movies":1},"Taiwan":{"roi_mean":5.406356606,"roi_median":4.5114597727,"movies":4},"Japan":{"roi_mean":5.3984268319,"roi_median":3.0253860143,"movies":40},"Dominica":{"roi_mean":5.32829906,"roi_median":5.32829906,"movies":1},"Iran":{"roi_mean":5.0,"roi_median":5.0,"movies":1},"Spain":{"roi_mean":4.8035618549,"roi_median":1.6280242923,"movies":43},"New Zealand":{"roi_mean":4.4909494806,"roi_median":2.87551812,"movies":21},"United Kingdom":{"roi_mean":4.4253928557,"roi_median":2.2913047466,"movies":436},"Mexico":{"roi_mean":4.4044255622,"roi_median":2.3621877646,"movies":16},"India":{"roi_mean":4.3671324141,"roi_median":2.72339665,"movies":29},"Indonesia":{"roi_mean":3.7319881818,"roi_median":3.7319881818,"movies":1},"Canada":{"roi_mean":3.6344626032,"roi_median":1.9945889472,"movies":162},"Italy":{"roi_mean":3.4378081895,"roi_median":1.5161518148,"movies":48},"Peru":{"roi_mean":3.4138705444,"roi_median":3.4138705444,"movies":2},"China":{"roi_mean":3.3850060089,"roi_median":2.6523334133,"movies":37},"Malta":{"roi_mean":3.2581145209,"roi_median":2.7508335057,"movies":4},"France":{"roi_mean":3.2126664869,"roi_median":1.73505518,"movies":196},"Brazil":{"roi_mean":3.0804723944,"roi_median":1.9298993103,"movies":5},"Philippines":{"roi_mean":3.0799641818,"roi_median":3.0799641818,"movies":1},"Hong Kong":{"roi_mean":3.0553707191,"roi_median":1.8446849017,"movies":26},"Germany":{"roi_mean":2.9888055285,"roi_median":1.8116692308,"movies":233},"Iceland":{"roi_mean":2.9887355385,"roi_median":3.1274905469,"movies":5},"Sweden":{"roi_mean":2.9372915751,"roi_median":2.7664608123,"movies":8},"United Arab Emirates":{"roi_mean":2.9045851598,"roi_median":1.2265846286,"movies":13},"Finland":{"roi_mean":2.9007603663,"roi_median":3.1274905469,"movies":3},"Poland":{"roi_mean":2.8388101743,"roi_median":2.6478812241,"movies":4},"Thailand":{"roi_mean":2.5775304142,"roi_median":2.1536222917,"movies":3},"Greece":{"roi_mean":2.464370598,"roi_median":2.464370598,"movies":2},"South Korea":{"roi_mean":2.4428580247,"roi_median":0.7655343429,"movies":7},"South Africa":{"roi_mean":2.3833097731,"roi_median":2.1306030204,"movies":9},"Russia":{"roi_mean":2.1453756142,"roi_median":1.4737505556,"movies":11},"Romania":{"roi_mean":2.0646267409,"roi_median":2.069137,"movies":7},"Denmark":{"roi_mean":2.0635800486,"roi_median":2.1536222917,"movies":9},"Pakistan":{"roi_mean":2.0292862787,"roi_median":2.0292862787,"movies":2},"Austria":{"roi_mean":2.0000800612,"roi_median":2.214162,"movies":5},"Czech Republic":{"roi_mean":1.9976339029,"roi_median":1.9976746241,"movies":16},"Slovenia":{"roi_mean":1.8651173911,"roi_median":1.8651173911,"movies":1},"Hungary":{"roi_mean":1.7746092339,"roi_median":1.8167818904,"movies":8},"Switzerland":{"roi_mean":1.7518633762,"roi_median":1.1972401028,"movies":12},"Belgium":{"roi_mean":1.6737133569,"roi_median":0.7264156106,"movies":14},"Norway":{"roi_mean":1.5800078858,"roi_median":1.1442397143,"movies":8},"Portugal":{"roi_mean":1.5368920526,"roi_median":1.5368920526,"movies":1},"Kazakhstan":{"roi_mean":1.4737505556,"roi_median":1.4737505556,"movies":1},"Bulgaria":{"roi_mean":1.4239728611,"roi_median":0.583441,"movies":3},"Morocco":{"roi_mean":1.3657620641,"roi_median":1.3882274,"movies":3},"Luxembourg":{"roi_mean":1.2879977779,"roi_median":0.5602100027,"movies":6},"Singapore":{"roi_mean":1.2792438039,"roi_median":1.2792438039,"movies":1},"Chile":{"roi_mean":1.18139896,"roi_median":1.18139896,"movies":2},"Serbia":{"roi_mean":1.1406827308,"roi_median":1.1406827308,"movies":1},"Netherlands":{"roi_mean":1.0875830567,"roi_median":0.6997356178,"movies":14},"Lithuania":{"roi_mean":0.395094,"roi_median":0.395094,"movies":1},"Tunisia":{"roi_mean":0.3776572836,"roi_median":0.3776572836,"movies":1},"Fiji":{"roi_mean":0.2552594545,"roi_median":0.2552594545,"movies":1},"Angola":{"roi_mean":0.196034,"roi_median":0.196034,"movies":1},"Serbia and Montenegro":{"roi_mean":0.139298961,"roi_median":0.139298961,"movies":1}}